{
    "name": "root",
    "gauges": {
        "AbelBehavior.Policy.Entropy.mean": {
            "value": -0.696171760559082,
            "min": -0.696171760559082,
            "max": 1.4023743867874146,
            "count": 126
        },
        "AbelBehavior.Policy.Entropy.sum": {
            "value": -6981.21044921875,
            "min": -6981.21044921875,
            "max": 14106.484375,
            "count": 126
        },
        "AbelBehavior.Step.mean": {
            "value": 1259986.0,
            "min": 9995.0,
            "max": 1259986.0,
            "count": 126
        },
        "AbelBehavior.Step.sum": {
            "value": 1259986.0,
            "min": 9995.0,
            "max": 1259986.0,
            "count": 126
        },
        "AbelBehavior.Policy.ExtrinsicValueEstimate.mean": {
            "value": 0.16935871541500092,
            "min": -2.221285581588745,
            "max": 2.3420374393463135,
            "count": 126
        },
        "AbelBehavior.Policy.ExtrinsicValueEstimate.sum": {
            "value": 27.266754150390625,
            "min": -375.39727783203125,
            "max": 370.04193115234375,
            "count": 126
        },
        "AbelBehavior.Losses.PolicyLoss.mean": {
            "value": 0.23616260839444828,
            "min": 0.23474728186387134,
            "max": 0.2548915681773256,
            "count": 126
        },
        "AbelBehavior.Losses.PolicyLoss.sum": {
            "value": 18.420683454766966,
            "min": 18.104628353025646,
            "max": 19.810957739451567,
            "count": 126
        },
        "AbelBehavior.Losses.ValueLoss.mean": {
            "value": 0.14177321793549558,
            "min": 0.050982914145691664,
            "max": 1.092905989990991,
            "count": 126
        },
        "AbelBehavior.Losses.ValueLoss.sum": {
            "value": 11.058310998968654,
            "min": 3.925684389218258,
            "max": 83.21954206062355,
            "count": 126
        },
        "AbelBehavior.Policy.LearningRate.mean": {
            "value": 0.00011175569544043013,
            "min": 0.00011175569544043013,
            "max": 0.0002992451348670064,
            "count": 126
        },
        "AbelBehavior.Policy.LearningRate.sum": {
            "value": 0.00871694424435355,
            "min": 0.00871694424435355,
            "max": 0.023341120519626498,
            "count": 126
        },
        "AbelBehavior.Policy.Epsilon.mean": {
            "value": 0.1372518775641026,
            "min": 0.1372518775641026,
            "max": 0.1997483782051282,
            "count": 126
        },
        "AbelBehavior.Policy.Epsilon.sum": {
            "value": 10.705646450000003,
            "min": 10.705646450000003,
            "max": 15.622259249999999,
            "count": 126
        },
        "AbelBehavior.Policy.Beta.mean": {
            "value": 0.0005000000000000001,
            "min": 0.0005000000000000001,
            "max": 0.0005000000000000001,
            "count": 126
        },
        "AbelBehavior.Policy.Beta.sum": {
            "value": 0.03900000000000001,
            "min": 0.037500000000000006,
            "max": 0.04000000000000001,
            "count": 126
        },
        "AbelBehavior.Environment.EpisodeLength.mean": {
            "value": 1292.5,
            "min": 284.0,
            "max": 4430.5,
            "count": 126
        },
        "AbelBehavior.Environment.EpisodeLength.sum": {
            "value": 10340.0,
            "min": 5964.0,
            "max": 13976.0,
            "count": 126
        },
        "AbelBehavior.Environment.CumulativeReward.mean": {
            "value": 4.028571435383388,
            "min": -6.099999983794987,
            "max": 55.26666657129923,
            "count": 126
        },
        "AbelBehavior.Environment.CumulativeReward.sum": {
            "value": 28.200000047683716,
            "min": -179.10000556707382,
            "max": 258.4000010713935,
            "count": 126
        },
        "AbelBehavior.Policy.ExtrinsicReward.mean": {
            "value": 4.028571435383388,
            "min": -6.099999983794987,
            "max": 55.26666657129923,
            "count": 126
        },
        "AbelBehavior.Policy.ExtrinsicReward.sum": {
            "value": 28.200000047683716,
            "min": -179.10000556707382,
            "max": 258.4000010713935,
            "count": 126
        },
        "AbelBehavior.IsTraining.mean": {
            "value": 1.0,
            "min": 1.0,
            "max": 1.0,
            "count": 126
        },
        "AbelBehavior.IsTraining.sum": {
            "value": 1.0,
            "min": 1.0,
            "max": 1.0,
            "count": 126
        }
    },
    "metadata": {
        "timer_format_version": "0.1.0",
        "start_time_seconds": "1706278264",
        "python_version": "3.10.5 (tags/v3.10.5:f377153, Jun  6 2022, 16:14:13) [MSC v.1929 64 bit (AMD64)]",
        "command_line_arguments": "D:\\UnityProjects\\Final Project - Kane and Abel\\venv\\Scripts\\mlagents-learn ./Config/AbelBehavior.yaml --run-id=advanced_stabilised_rotation_staged --force",
        "mlagents_version": "1.0.0",
        "mlagents_envs_version": "1.0.0",
        "communication_protocol_version": "1.5.0",
        "pytorch_version": "1.13.1+cpu",
        "numpy_version": "1.23.1",
        "end_time_seconds": "1706283623"
    },
    "total": 5358.860717899981,
    "count": 1,
    "self": 0.006690100010018796,
    "children": {
        "run_training.setup": {
            "total": 0.05581539997365326,
            "count": 1,
            "self": 0.05581539997365326
        },
        "TrainerController.start_learning": {
            "total": 5358.798212399997,
            "count": 1,
            "self": 15.573282600555103,
            "children": {
                "TrainerController._reset_env": {
                    "total": 9.79619730002014,
                    "count": 1,
                    "self": 9.79619730002014
                },
                "TrainerController.advance": {
                    "total": 5333.166388499492,
                    "count": 1263967,
                    "self": 13.843133754446171,
                    "children": {
                        "env_step": {
                            "total": 4001.1342659168877,
                            "count": 1263967,
                            "self": 3394.0015207609395,
                            "children": {
                                "SubprocessEnvManager._take_step": {
                                    "total": 596.581825893838,
                                    "count": 1263968,
                                    "self": 44.017586361966096,
                                    "children": {
                                        "TorchPolicy.evaluate": {
                                            "total": 552.5642395318719,
                                            "count": 1263968,
                                            "self": 552.5642395318719
                                        }
                                    }
                                },
                                "workers": {
                                    "total": 10.550919262110256,
                                    "count": 1263966,
                                    "self": 0.0,
                                    "children": {
                                        "worker_root": {
                                            "total": 5283.969612308661,
                                            "count": 1263966,
                                            "is_parallel": true,
                                            "self": 2704.1869665909326,
                                            "children": {
                                                "steps_from_proto": {
                                                    "total": 0.0005184999899938703,