{"count":1,"self":6501.3682175999993,"total":6504.1958608999994,"children":{"InitializeActuators":{"count":1,"self":0.0010008999999999999,"total":0.0010008999999999999,"children":null},"InitializeSensors":{"count":1,"self":0.0025133,"total":0.0025133,"children":null},"AgentSendState":{"count":3599,"self":0.3432148,"total":0.3804101,"children":{"CollectObservations":{"count":3599,"self":0.0075239999999999994,"total":0.0075239999999999994,"children":null},"WriteActionMask":{"count":3599,"self":0.0030137,"total":0.0030137,"children":null},"RequestDecision":{"count":3599,"self":0.0266576,"total":0.0266576,"children":null}}},"DecideAction":{"count":3599,"self":2.4049134,"total":2.4345537999999998,"children":{"RayPerceptionSensor.Perceive":{"count":10797,"self":0.029640399999999997,"total":0.029640399999999997,"children":null}}},"AgentAct":{"count":3599,"self":0.0090838,"total":0.0090838,"children":null}},"gauges":{"AbelBehavior.CumulativeReward":{"count":1,"max":383.552521,"min":383.552521,"runningAverage":383.552521,"value":383.552521,"weightedAverage":383.552521}},"metadata":{"timer_format_version":"0.1.0","start_time_seconds":"1709030918","unity_version":"2022.3.16f1","command_line_arguments":"C:\\Unity\\2022.3.16f1\\Editor\\Unity.exe -projectpath D:\\UnityProjects\\Final Project - Kane and Abel -useHub -hubIPC -cloudEnvironment production -licensingIpc LicenseClient-KarelKat -hubSessionId b8d227df-042d-47f6-af90-6746aa9f8b28 -accessToken qizrt7UntDJT4fE55KJFkKWMI_TeFmsiDvUTXLFA53A00af","communication_protocol_version":"1.5.0","com.unity.ml-agents_version":"2.0.1","scene_name":"Prototype","end_time_seconds":"1709037422"}}