{"count":1,"self":20.2799568,"total":21.0027872,"children":{"InitializeActuators":{"count":1,"self":0.0011518,"total":0.0011518,"children":null},"InitializeSensors":{"count":1,"self":0.0030865999999999997,"total":0.0030865999999999997,"children":null},"AgentSendState":{"count":799,"self":0.0885995,"total":0.1020673,"children":{"CollectObservations":{"count":799,"self":0.0025193999999999998,"total":0.0025193999999999998,"children":null},"WriteActionMask":{"count":799,"self":0.0010285,"total":0.0010285,"children":null},"RequestDecision":{"count":799,"self":0.0099198999999999989,"total":0.0099198999999999989,"children":null}}},"DecideAction":{"count":799,"self":0.6017899,"total":0.6144138,"children":{"RayPerceptionSensor.Perceive":{"count":2397,"self":0.012623899999999999,"total":0.012623899999999999,"children":null}}},"AgentAct":{"count":799,"self":0.0016106999999999998,"total":0.0016106999999999998,"children":null}},"gauges":{},"metadata":{"timer_format_version":"0.1.0","start_time_seconds":"1709042409","unity_version":"2022.3.16f1","command_line_arguments":"C:\\Unity\\2022.3.16f1\\Editor\\Unity.exe -projectpath D:\\UnityProjects\\Final Project - Kane and Abel -useHub -hubIPC -cloudEnvironment production -licensingIpc LicenseClient-KarelKat -hubSessionId b8d227df-042d-47f6-af90-6746aa9f8b28 -accessToken qizrt7UntDJT4fE55KJFkKWMI_TeFmsiDvUTXLFA53A00af","communication_protocol_version":"1.5.0","com.unity.ml-agents_version":"2.0.1","scene_name":"Prototype","end_time_seconds":"1709042430"}}