{"count":1,"self":40.4480256,"total":42.467487899999995,"children":{"InitializeActuators":{"count":1,"self":0.00099969999999999985,"total":0.00099969999999999985,"children":null},"InitializeSensors":{"count":1,"self":0.0020177999999999997,"total":0.0020177999999999997,"children":null},"AgentSendState":{"count":1864,"self":0.16862749999999999,"total":0.1930489,"children":{"CollectObservations":{"count":1864,"self":0.0025134999999999997,"total":0.0025134999999999997,"children":null},"WriteActionMask":{"count":1864,"self":0.0018223,"total":0.0018223,"children":null},"RequestDecision":{"count":1864,"self":0.0200856,"total":0.0200856,"children":null}}},"DecideAction":{"count":1864,"self":1.792193,"total":1.8183098999999998,"children":{"RayPerceptionSensor.Perceive":{"count":5592,"self":0.0261169,"total":0.0261169,"children":null}}},"AgentAct":{"count":1864,"self":0.0045818,"total":0.0045818,"children":null}},"gauges":{"AbelBehavior.CumulativeReward":{"count":1,"max":167.724167,"min":167.724167,"runningAverage":167.724167,"value":167.724167,"weightedAverage":167.724167}},"metadata":{"timer_format_version":"0.1.0","start_time_seconds":"1709274494","unity_version":"2022.3.16f1","command_line_arguments":"C:\\Unity\\2022.3.16f1\\Editor\\Unity.exe -projectpath D:\\UnityProjects\\Final Project - Kane and Abel -useHub -hubIPC -cloudEnvironment production -licensingIpc LicenseClient-KarelKat -hubSessionId 72974123-7c0d-4011-87a0-85244ba714fd -accessToken WXheABX0dh086J-UY_4FIfgtYUFk-dzq1J7s9LCJAp400af","communication_protocol_version":"1.5.0","com.unity.ml-agents_version":"2.0.1","scene_name":"Stage 2","end_time_seconds":"1709274536"}}