{"count":1,"self":2728.9116672,"total":2731.6298976,"children":{"InitializeActuators":{"count":1,"self":0.0010052,"total":0.0010052,"children":null},"InitializeSensors":{"count":1,"self":0.0020109,"total":0.0020109,"children":null},"AgentSendState":{"count":2490,"self":0.2589053,"total":0.2911823,"children":{"CollectObservations":{"count":2490,"self":0.0035926,"total":0.0035926,"children":null},"WriteActionMask":{"count":2490,"self":0.0050203999999999995,"total":0.0050203999999999995,"children":null},"RequestDecision":{"count":2490,"self":0.023663999999999998,"total":0.023663999999999998,"children":null}}},"DecideAction":{"count":2490,"self":2.3911284,"total":2.4200261999999997,"children":{"RayPerceptionSensor.Perceive":{"count":7470,"self":0.028897899999999997,"total":0.028897899999999997,"children":null}}},"AgentAct":{"count":2490,"self":0.0040977999999999995,"total":0.0040977999999999995,"children":null}},"gauges":{},"metadata":{"timer_format_version":"0.1.0","start_time_seconds":"1709288749","unity_version":"2022.3.16f1","command_line_arguments":"C:\\Unity\\2022.3.16f1\\Editor\\Unity.exe -projectpath D:\\UnityProjects\\Final Project - Kane and Abel -useHub -hubIPC -cloudEnvironment production -licensingIpc LicenseClient-KarelKat -hubSessionId 72974123-7c0d-4011-87a0-85244ba714fd -accessToken WXheABX0dh086J-UY_4FIfgtYUFk-dzq1J7s9LCJAp400af","communication_protocol_version":"1.5.0","com.unity.ml-agents_version":"2.0.1","scene_name":"Stage 3","end_time_seconds":"1709291481"}}