{
    "name": "root",
    "gauges": {
        "AbelBehavior.Policy.Entropy.mean": {
            "value": 0.9580913782119751,
            "min": 0.9580913782119751,
            "max": 1.4018408060073853,
            "count": 50
        },
        "AbelBehavior.Policy.Entropy.sum": {
            "value": 9580.9140625,
            "min": 9580.9140625,
            "max": 14040.837890625,
            "count": 50
        },
        "AbelBehavior.Step.mean": {
            "value": 499937.0,
            "min": 9952.0,
            "max": 499937.0,
            "count": 50
        },
        "AbelBehavior.Step.sum": {
            "value": 499937.0,
            "min": 9952.0,
            "max": 499937.0,
            "count": 50
        },
        "AbelBehavior.Policy.ExtrinsicValueEstimate.mean": {
            "value": 2.161517381668091,
            "min": -1.5278197526931763,
            "max": 3.270354747772217,
            "count": 50
        },
        "AbelBehavior.Policy.ExtrinsicValueEstimate.sum": {
            "value": 341.5197448730469,
            "min": -284.1744689941406,
            "max": 516.716064453125,
            "count": 50
        },
        "AbelBehavior.Losses.PolicyLoss.mean": {
            "value": 0.2439301301728149,
            "min": 0.23509165336796992,
            "max": 0.2557270694452426,
            "count": 50
        },
        "AbelBehavior.Losses.PolicyLoss.sum": {
            "value": 19.026550153479562,
            "min": 18.023479210701296,
            "max": 20.207501118419074,
            "count": 50
        },
        "AbelBehavior.Losses.ValueLoss.mean": {
            "value": 0.4171767443594644,
            "min": 2.4491582124438205e-05,
            "max": 0.7045043630014672,
            "count": 50
        },
        "AbelBehavior.Losses.ValueLoss.sum": {
            "value": 32.539786060038224,
            "min": 0.00191034340570618,
            "max": 54.95134031411445,
            "count": 50
        },
        "AbelBehavior.Policy.LearningRate.mean": {
            "value": 3.0014066918717947e-06,
            "min": 3.0014066918717947e-06,
            "max": 0.0002969820633436415,
            "count": 50
        },
        "AbelBehavior.Policy.LearningRate.sum": {
            "value": 0.00023410972196599998,
            "min": 0.00023410972196599998,
            "max": 0.0228676188774604,
            "count": 50
        },
        "AbelBehavior.Policy.Epsilon.mean": {
            "value": 0.1010004358974359,
            "min": 0.1010004358974359,
            "max": 0.1989940207792208,
            "count": 50
        },
        "AbelBehavior.Policy.Epsilon.sum": {
            "value": 7.878034,
            "min": 7.878034,
            "max": 15.366606800000001,
            "count": 50
        },
        "AbelBehavior.Policy.Beta.mean": {
            "value": 0.0005000000000000001,
            "min": 0.0005000000000000001,
            "max": 0.0005000000000000001,
            "count": 50
        },
        "AbelBehavior.Policy.Beta.sum": {
            "value": 0.03900000000000001,
            "min": 0.037000000000000005,
            "max": 0.04150000000000001,
            "count": 50
        },
        "AbelBehavior.Environment.EpisodeLength.mean": {
            "value": 4999.0,
            "min": 131.1578947368421,
            "max": 4999.0,
            "count": 50
        },
        "AbelBehavior.Environment.EpisodeLength.sum": {
            "value": 9998.0,
            "min": 6846.0,
            "max": 13382.0,
            "count": 50
        },
        "AbelBehavior.Environment.CumulativeReward.mean": {
            "value": 103.0,
            "min": -4.899999761581421,
            "max": 149.0,
            "count": 50
        },
        "AbelBehavior.Environment.CumulativeReward.sum": {
            "value": 206.0,
            "min": -228.0,
            "max": 356.5999995470047,
            "count": 50
        },
        "AbelBehavior.Policy.ExtrinsicReward.mean": {
            "value": 103.0,
            "min": -4.899999761581421,
            "max": 149.0,
            "count": 50
        },
        "AbelBehavior.Policy.ExtrinsicReward.sum": {
            "value": 206.0,
            "min": -228.0,
            "max": 356.5999995470047,
            "count": 50
        },
        "AbelBehavior.IsTraining.mean": {
            "value": 1.0,
            "min": 1.0,
            "max": 1.0,
            "count": 50
        },
        "AbelBehavior.IsTraining.sum": {
            "value": 1.0,
            "min": 1.0,
            "max": 1.0,
            "count": 50
        }
    },
    "metadata": {
        "timer_format_version": "0.1.0",
        "start_time_seconds": "1706105071",
        "python_version": "3.10.5 (tags/v3.10.5:f377153, Jun  6 2022, 16:14:13) [MSC v.1929 64 bit (AMD64)]",
        "command_line_arguments": "D:\\UnityProjects\\Final Project - Kane and Abel\\venv\\Scripts\\mlagents-learn ./Config/AbelBehavior.yaml --force",
        "mlagents_version": "1.0.0",
        "mlagents_envs_version": "1.0.0",
        "communication_protocol_version": "1.5.0",
        "pytorch_version": "1.13.1+cpu",
        "numpy_version": "1.23.1",
        "end_time_seconds": "1706107203"
    },
    "total": 2132.2673435999895,
    "count": 1,
    "self": 0.06730819999938831,
    "children": {
        "run_training.setup": {
            "total": 0.06452849999186583,
            "count": 1,
            "self": 0.06452849999186583
        },
        "TrainerController.start_learning": {
            "total": 2132.1355068999983,
            "count": 1,
            "self": 5.992789398733294,
            "children": {
                "TrainerController._reset_env": {
                    "total": 8.943548200011719,
                    "count": 1,
                    "self": 8.943548200011719
                },
                "TrainerController.advance": {
                    "total": 2117.16388780126,
                    "count": 500001,
                    "self": 5.286362816783367,
                    "children": {
                        "env_step": {
                            "total": 1614.194685684488,
                            "count": 500001,
                            "self": 1379.0980845900194,
                            "children": {
                                "SubprocessEnvManager._take_step": {
                                    "total": 231.0107291014283,
                                    "count": 500001,
                                    "self": 17.19627791515086,
                                    "children": {
                                        "TorchPolicy.evaluate": {
                                            "total": 213.81445118627744,
                                            "count": 500001,
                                            "self": 213.81445118627744
                                        }
                                    }
                                },
                                "workers": {
                                    "total": 4.0858719930402,
                                    "count": 500001,
                                    "self": 0.0,
                                    "children": {
                                        "worker_root": {
                                            "total": 2113.06266620275,
                                            "count": 500001,
                                            "is_parallel": true,
                                            "self": 1030.7884969022416,
                                            "children": {
                                                "steps_from_proto": {
                                                    "total": 0.00028539999038912356,
                                                    "count": 1,
                                                    "is_parallel": true,
                                                    "self": 8.820000221021473e-05,