{
    "name": "root",
    "metadata": {
        "timer_format_version": "0.1.0",
        "start_time_seconds": "1706081657",
        "python_version": "3.10.5 (tags/v3.10.5:f377153, Jun  6 2022, 16:14:13) [MSC v.1929 64 bit (AMD64)]",
        "command_line_arguments": "D:\\UnityProjects\\Final Project - Kane and Abel\\venv\\Scripts\\mlagents-learn --force",
        "mlagents_version": "1.0.0",
        "mlagents_envs_version": "1.0.0",
        "communication_protocol_version": "1.5.0",
        "pytorch_version": "1.13.1+cpu",
        "numpy_version": "1.23.1",
        "end_time_seconds": "1706081781"
    },
    "total": 123.94960110000102,
    "count": 1,
    "self": 0.006096400000387803,
    "children": {
        "run_training.setup": {
            "total": 0.013825400004861876,
            "count": 1,
            "self": 0.013825400004861876
        },
        "TrainerController.start_learning": {
            "total": 123.92967929999577,
            "count": 1,
            "self": 0.32142750185448676,
            "children": {
                "TrainerController._reset_env": {
                    "total": 4.017345300002489,
                    "count": 1,
                    "self": 4.017345300002489
                },
                "TrainerController.advance": {
                    "total": 119.51330629814765,
                    "count": 19396,
                    "self": 0.26208229604526423,
                    "children": {
                        "env_step": {
                            "total": 116.29885180084966,
                            "count": 19396,
                            "self": 104.36053459870163,
                            "children": {
                                "SubprocessEnvManager._take_step": {
                                    "total": 11.72192980122054,
                                    "count": 19396,
                                    "self": 0.9036236997344531,
                                    "children": {
                                        "TorchPolicy.evaluate": {
                                            "total": 10.818306101486087,
                                            "count": 19295,
                                            "self": 10.818306101486087
                                        }
                                    }
                                },
                                "workers": {
                                    "total": 0.21638740092748776,
                                    "count": 19395,
                                    "self": 0.0,
                                    "children": {
                                        "worker_root": {
                                            "total": 119.44066180015216,
                                            "count": 19395,
                                            "is_parallel": true,
                                            "self": 30.12286320075509,
                                            "children": {
                                                "steps_from_proto": {
                                                    "total": 0.00020879998919554055,
                                                    "count": 1,
                                                    "is_parallel": true,
                                                    "self": 8.299999171867967e-05,
                                                    "children": {
                                                        "_process_rank_one_or_two_observation": {
                                                            "total": 0.00012579999747686088,
                                                            "count": 2,
                                                            "is_parallel": true,
                                                            "self": 0.00012579999747686088
                                                        }
                                                    }
                                                },
                                                "UnityEnvironment.step": {
                                                    "total": 89.31758979940787,
                                                    "count": 19395,
                                                    "is_parallel": true,
                                                    "self": 1.2815779015945736,
                                                    "children": {
                                                        "UnityEnvironment._generate_step_input": {
                                                            "total": 1.1149103000061586,
                                                            "count": 19395,
                                                            "is_parallel": true,
                                                            "self": 1.1149103000061586
                                                        },
                                                        "communicator.exchange": {
                                                            "total": 84.09178559842985,
                                                            "count": 19395,
                                                            "is_parallel": true,
                                                            "self": 84.09178559842985
                                                        },
                                                        "steps_from_proto": {
                                                            "total": 2.829315999377286,
                                                            "count": 19395,
                                                            "is_parallel": true,
                                                            "self": 1.162659704015823,
                                                            "children": {
                                                                "_process_rank_one_or_two_observation": {
                                                                    "total": 1.666656295361463,
                                                                    "count": 38790,
                                                                    "is_parallel": true,
                                                                    "self": 1.666656295361463
                                                                }
                                                            }
                                                        }
                                                    }
                                                }
                                            }
                                        }
                                    }
                                }
                            }
                        },
                        "trainer_advance": {
                            "total": 2.9523722012527287,
                            "count": 19395,
                            "self": 0.4036776973225642,
                            "children": {
                                "process_trajectory": {
                                    "total": 1.0687918039329816,
                                    "count": 19395,
                                    "self": 1.0687918039329816
                                },
                                "_update_policy": {
                                    "total": 1.479902699997183,
                                    "count": 1,
                                    "self": 1.0639297000307124,
                                    "children": {
                                        "TorchPPOOptimizer.update": {
                                            "total": 0.4159729999664705,
                                            "count": 30,