{
    "name": "root",
    "metadata": {
        "timer_format_version": "0.1.0",
        "start_time_seconds": "1706096836",
        "python_version": "3.10.5 (tags/v3.10.5:f377153, Jun  6 2022, 16:14:13) [MSC v.1929 64 bit (AMD64)]",
        "command_line_arguments": "D:\\UnityProjects\\Final Project - Kane and Abel\\venv\\Scripts\\mlagents-learn --force",
        "mlagents_version": "1.0.0",
        "mlagents_envs_version": "1.0.0",
        "communication_protocol_version": "1.5.0",
        "pytorch_version": "1.13.1+cpu",
        "numpy_version": "1.23.1",
        "end_time_seconds": "1706096906"
    },
    "total": 69.95280130000901,
    "count": 1,
    "self": 10.005177400045795,
    "children": {
        "run_training.setup": {
            "total": 0.013563699991209432,
            "count": 1,
            "self": 0.013563699991209432
        },
        "TrainerController.start_learning": {
            "total": 59.93406019997201,
            "count": 1,
            "self": 0.07026439881883562,
            "children": {
                "TrainerController._reset_env": {
                    "total": 8.036913299991284,
                    "count": 1,
                    "self": 8.036913299991284
                },
                "TrainerController.advance": {
                    "total": 51.759058701165486,
                    "count": 5650,
                    "self": 0.0617529041483067,
                    "children": {
                        "env_step": {
                            "total": 51.29304679814959,
                            "count": 5650,
                            "self": 48.55978209909517,
                            "children": {
                                "SubprocessEnvManager._take_step": {
                                    "total": 2.6853982001775876,
                                    "count": 5651,
                                    "self": 0.2018804001272656,
                                    "children": {
                                        "TorchPolicy.evaluate": {
                                            "total": 2.483517800050322,
                                            "count": 5651,
                                            "self": 2.483517800050322
                                        }
                                    }
                                },
                                "workers": {
                                    "total": 0.0478664988768287,
                                    "count": 5649,
                                    "self": 0.0,
                                    "children": {
                                        "worker_root": {
                                            "total": 19.01247219913057,
                                            "count": 5649,
                                            "is_parallel": true,
                                            "self": 6.652146500040544,
                                            "children": {
                                                "steps_from_proto": {
                                                    "total": 0.0010731999936979264,
                                                    "count": 2,
                                                    "is_parallel": true,
                                                    "self": 0.00025829995865933597,
                                                    "children": {
                                                        "_process_rank_one_or_two_observation": {
                                                            "total": 0.0008149000350385904,
                                                            "count": 8,
                                                            "is_parallel": true,
                                                            "self": 0.0008149000350385904
                                                        }
                                                    }
                                                },
                                                "UnityEnvironment.step": {
                                                    "total": 12.359252499096328,
                                                    "count": 5649,
                                                    "is_parallel": true,
                                                    "self": 0.3085730997263454,
                                                    "children": {
                                                        "UnityEnvironment._generate_step_input": {
                                                            "total": 0.25158309761900455,
                                                            "count": 5649,
                                                            "is_parallel": true,
                                                            "self": 0.25158309761900455
                                                        },
                                                        "communicator.exchange": {
                                                            "total": 10.988460300432052,
                                                            "count": 5649,
                                                            "is_parallel": true,
                                                            "self": 10.988460300432052
                                                        },
                                                        "steps_from_proto": {
                                                            "total": 0.810636001318926,
                                                            "count": 5649,
                                                            "is_parallel": true,
                                                            "self": 0.32272620222647674,
                                                            "children": {
                                                                "_process_rank_one_or_two_observation": {
                                                                    "total": 0.48790979909244925,
                                                                    "count": 22596,
                                                                    "is_parallel": true,
                                                                    "self": 0.48790979909244925
                                                                }
                                                            }
                                                        }
                                                    }
                                                }
                                            }
                                        }
                                    }
                                }
                            }
                        },
                        "trainer_advance": {
                            "total": 0.40425899886759,
                            "count": 5649,
                            "self": 0.08026889787288383,
                            "children": {
                                "process_trajectory": {
                                    "total": 0.32399010099470615,
                                    "count": 5649,
                                    "self": 0.32399010099470615
                                }
                            }
                        }
                    }
                },
                "trainer_threads": {
                    "total": 7.00005330145359e-07,
                    "count": 1,
                    "self": 7.00005330145359e-07
                },
                "TrainerController._save_models": {
                    "total": 0.06782309999107383,
                    "count": 1,
                    "self": 0.0009931999957188964,