{
    "name": "root",
    "gauges": {
        "AbelBehavior.Policy.Entropy.mean": {
            "value": 1.4060084819793701,
            "min": 1.4060084819793701,
            "max": 1.4060084819793701,
            "count": 1
        },
        "AbelBehavior.Policy.Entropy.sum": {
            "value": 14085.392578125,
            "min": 14085.392578125,
            "max": 14085.392578125,
            "count": 1
        },
        "AbelBehavior.Step.mean": {
            "value": 9954.0,
            "min": 9954.0,
            "max": 9954.0,
            "count": 1
        },
        "AbelBehavior.Step.sum": {
            "value": 9954.0,
            "min": 9954.0,
            "max": 9954.0,
            "count": 1
        },
        "AbelBehavior.Policy.ExtrinsicValueEstimate.mean": {
            "value": -1.982179880142212,
            "min": -1.982179880142212,
            "max": -1.982179880142212,
            "count": 1
        },
        "AbelBehavior.Policy.ExtrinsicValueEstimate.sum": {
            "value": -331.0240478515625,
            "min": -331.0240478515625,
            "max": -331.0240478515625,
            "count": 1
        },
        "AbelBehavior.Losses.PolicyLoss.mean": {
            "value": 0.24207468044691768,
            "min": 0.24207468044691768,
            "max": 0.24207468044691768,
            "count": 1
        },
        "AbelBehavior.Losses.PolicyLoss.sum": {
            "value": 18.397675713965743,
            "min": 18.397675713965743,
            "max": 18.397675713965743,
            "count": 1
        },
        "AbelBehavior.Losses.ValueLoss.mean": {
            "value": 0.5932832357931987,
            "min": 0.5932832357931987,
            "max": 0.5932832357931987,
            "count": 1
        },
        "AbelBehavior.Losses.ValueLoss.sum": {
            "value": 45.08952592028311,
            "min": 45.08952592028311,
            "max": 45.08952592028311,
            "count": 1
        },
        "AbelBehavior.Policy.LearningRate.mean": {
            "value": 0.0002969887431090157,
            "min": 0.0002969887431090157,
            "max": 0.0002969887431090157,
            "count": 1
        },
        "AbelBehavior.Policy.LearningRate.sum": {
            "value": 0.022571144476285193,
            "min": 0.022571144476285193,
            "max": 0.022571144476285193,
            "count": 1
        },
        "AbelBehavior.Policy.Epsilon.mean": {
            "value": 0.19899624736842106,
            "min": 0.19899624736842106,
            "max": 0.19899624736842106,
            "count": 1
        },
        "AbelBehavior.Policy.Epsilon.sum": {
            "value": 15.1237148,
            "min": 15.1237148,
            "max": 15.1237148,
            "count": 1
        },
        "AbelBehavior.Policy.Beta.mean": {
            "value": 0.0005000000000000001,
            "min": 0.0005000000000000001,
            "max": 0.0005000000000000001,
            "count": 1
        },
        "AbelBehavior.Policy.Beta.sum": {
            "value": 0.038000000000000006,
            "min": 0.038000000000000006,
            "max": 0.038000000000000006,
            "count": 1
        },
        "AbelBehavior.Environment.EpisodeLength.mean": {
            "value": 392.04,
            "min": 392.04,
            "max": 392.04,
            "count": 1
        },
        "AbelBehavior.Environment.EpisodeLength.sum": {
            "value": 9801.0,
            "min": 9801.0,
            "max": 9801.0,
            "count": 1
        },
        "AbelBehavior.Environment.CumulativeReward.mean": {
            "value": -9.404000296592713,
            "min": -9.404000296592713,
            "max": -9.404000296592713,
            "count": 1
        },
        "AbelBehavior.Environment.CumulativeReward.sum": {
            "value": -235.1000074148178,
            "min": -235.1000074148178,
            "max": -235.1000074148178,
            "count": 1
        },
        "AbelBehavior.Policy.ExtrinsicReward.mean": {
            "value": -9.404000296592713,
            "min": -9.404000296592713,
            "max": -9.404000296592713,
            "count": 1
        },
        "AbelBehavior.Policy.ExtrinsicReward.sum": {
            "value": -235.1000074148178,
            "min": -235.1000074148178,
            "max": -235.1000074148178,
            "count": 1
        },
        "AbelBehavior.IsTraining.mean": {
            "value": 1.0,
            "min": 1.0,
            "max": 1.0,
            "count": 1
        },
        "AbelBehavior.IsTraining.sum": {
            "value": 1.0,
            "min": 1.0,
            "max": 1.0,
            "count": 1
        }
    },
    "metadata": {
        "timer_format_version": "0.1.0",
        "start_time_seconds": "1706103428",
        "python_version": "3.10.5 (tags/v3.10.5:f377153, Jun  6 2022, 16:14:13) [MSC v.1929 64 bit (AMD64)]",
        "command_line_arguments": "D:\\UnityProjects\\Final Project - Kane and Abel\\venv\\Scripts\\mlagents-learn ./Config/AbelBehavior.yaml --force",
        "mlagents_version": "1.0.0",
        "mlagents_envs_version": "1.0.0",
        "communication_protocol_version": "1.5.0",
        "pytorch_version": "1.13.1+cpu",
        "numpy_version": "1.23.1",
        "end_time_seconds": "1706103578"
    },
    "total": 149.54369049999514,
    "count": 1,
    "self": 0.005450700002256781,
    "children": {
        "run_training.setup": {
            "total": 0.10320749998209067,
            "count": 1,
            "self": 0.10320749998209067
        },
        "TrainerController.start_learning": {
            "total": 149.4350323000108,
            "count": 1,
            "self": 0.2024769991694484,
            "children": {
                "TrainerController._reset_env": {
                    "total": 23.107350100006443,
                    "count": 1,
                    "self": 23.107350100006443
                },
                "TrainerController.advance": {
                    "total": 126.05042490083724,
                    "count": 15884,
                    "self": 0.17455980053637177,
                    "children": {
                        "env_step": {
                            "total": 109.60801379947225,
                            "count": 15884,
                            "self": 101.89849139665603,
                            "children": {
                                "SubprocessEnvManager._take_step": {
                                    "total": 7.5747975012345705,
                                    "count": 15884,
                                    "self": 0.5578315022285096,
                                    "children": {
                                        "TorchPolicy.evaluate": {
                                            "total": 7.016965999006061,
                                            "count": 15884,
                                            "self": 7.016965999006061
                                        }
                                    }
                                },
                                "workers": {
                                    "total": 0.13472490158164874,
                                    "count": 15883,
                                    "self": 0.0,
                                    "children": {
                                        "worker_root": {
                                            "total": 65.2252273997583,
                                            "count": 15883,
                                            "is_parallel": true,
                                            "self": 33.788987300067674,
                                            "children": {
                                                "steps_from_proto": {
                                                    "total": 0.00022879999596625566,
                                                    "count": 1,
                                                    "is_parallel": true,