{
    "name": "root",
    "metadata": {
        "timer_format_version": "0.1.0",
        "start_time_seconds": "1706517530",
        "python_version": "3.10.5 (tags/v3.10.5:f377153, Jun  6 2022, 16:14:13) [MSC v.1929 64 bit (AMD64)]",
        "command_line_arguments": "D:\\UnityProjects\\Final Project - Kane and Abel\\venv\\Scripts\\mlagents-learn ./Config/AbelBehavior.yaml --run-id=advanced_stabilised --force",
        "mlagents_version": "1.0.0",
        "mlagents_envs_version": "1.0.0",
        "communication_protocol_version": "1.5.0",
        "pytorch_version": "1.13.1+cpu",
        "numpy_version": "1.23.1",
        "end_time_seconds": "1706517610"
    },
    "total": 79.32753849998699,
    "count": 1,
    "self": 0.03594769997289404,
    "children": {
        "run_training.setup": {
            "total": 0.09247319999849424,
            "count": 1,
            "self": 0.09247319999849424
        },
        "TrainerController.start_learning": {
            "total": 79.1991176000156,
            "count": 1,
            "self": 0.05622730060713366,
            "children": {
                "TrainerController._reset_env": {
                    "total": 14.336346500000218,
                    "count": 1,
                    "self": 14.336346500000218
                },
                "TrainerController.advance": {
                    "total": 63.888192499405704,
                    "count": 4017,
                    "self": 0.051487798220478,
                    "children": {
                        "env_step": {
                            "total": 58.85261720031849,
                            "count": 4017,
                            "self": 56.44178470081533,
                            "children": {
                                "SubprocessEnvManager._take_step": {
                                    "total": 2.374569199717371,
                                    "count": 4017,
                                    "self": 0.15601429974776693,
                                    "children": {
                                        "TorchPolicy.evaluate": {
                                            "total": 2.218554899969604,
                                            "count": 4017,
                                            "self": 2.218554899969604
                                        }
                                    }
                                },
                                "workers": {
                                    "total": 0.03626329978578724,
                                    "count": 4016,
                                    "self": 0.0,
                                    "children": {
                                        "worker_root": {
                                            "total": 21.74473879946163,
                                            "count": 4016,
                                            "is_parallel": true,
                                            "self": 10.714591899624793,
                                            "children": {
                                                "steps_from_proto": {
                                                    "total": 0.034880699997302145,
                                                    "count": 1,
                                                    "is_parallel": true,
                                                    "self": 0.00014990000636316836,
                                                    "children": {
                                                        "_process_rank_one_or_two_observation": {
                                                            "total": 0.034730799990938976,
                                                            "count": 8,
                                                            "is_parallel": true,
                                                            "self": 0.034730799990938976
                                                        }
                                                    }
                                                },
                                                "UnityEnvironment.step": {
                                                    "total": 10.995266199839534,
                                                    "count": 4016,
                                                    "is_parallel": true,
                                                    "self": 0.254426500730915,
                                                    "children": {
                                                        "UnityEnvironment._generate_step_input": {
                                                            "total": 0.19574190003913827,
                                                            "count": 4016,
                                                            "is_parallel": true,
                                                            "self": 0.19574190003913827
                                                        },
                                                        "communicator.exchange": {
                                                            "total": 9.719042598386295,
                                                            "count": 4016,
                                                            "is_parallel": true,
                                                            "self": 9.719042598386295
                                                        },
                                                        "steps_from_proto": {
                                                            "total": 0.8260552006831858,
                                                            "count": 4016,
                                                            "is_parallel": true,
                                                            "self": 0.2782726026198361,
                                                            "children": {
                                                                "_process_rank_one_or_two_observation": {
                                                                    "total": 0.5477825980633497,
                                                                    "count": 32128,
                                                                    "is_parallel": true,
                                                                    "self": 0.5477825980633497
                                                                }
                                                            }
                                                        }
                                                    }
                                                }
                                            }
                                        }
                                    }
                                }
                            }
                        },
                        "trainer_advance": {
                            "total": 4.984087500866735,
                            "count": 4016,
                            "self": 0.06698110126308165,
                            "children": {
                                "process_trajectory": {
                                    "total": 0.49747799956821837,
                                    "count": 4016,
                                    "self": 0.49747799956821837
                                },
                                "_update_policy": {
                                    "total": 4.419628400035435,
                                    "count": 31,
                                    "self": 0.6759537007601466,
                                    "children": {
                                        "TorchPPOOptimizer.update": {
                                            "total": 3.7436746992752887,
                                            "count": 1125,